Generation,Position,Frequency,Effect,Heterozygosity,Origin
1,183043,0.963400,0.330553,0.070521,1
1,427101,0.961300,0.412421,0.074405,1
1,1159275,0.954200,2.819775,0.087405,1
1,305072,0.887700,1.357641,0.199377,1
1,61014,0.486050,3.048570,0.499611,1
1,915217,0.483000,6.392057,0.499422,1
1,671159,0.431100,2.821470,0.490506,1
1,793188,0.351650,1.499619,0.455985,1
1,549130,0.285350,1.890630,0.407851,1
1,1037246,0.163050,0.301926,0.272929,1
