Generation,Position,Frequency,Effect,Heterozygosity,Origin
1,915217,0.921650,0.512916,0.144423,1
1,549130,0.780900,0.396039,0.342190,1
1,1037246,0.722300,2.373807,0.401165,1
1,793188,0.702300,0.688486,0.418149,1
1,305072,0.630000,1.556883,0.466200,1
1,183043,0.612900,2.078096,0.474507,1
1,671159,0.435050,1.885420,0.491563,1
1,427101,0.427050,0.219771,0.489357,1
1,61014,0.075850,2.152129,0.140194,1
1,1159275,0.013050,0.404206,0.025759,1
