Generation,Position,Frequency,Effect,Heterozygosity,Origin
1,427101,0.874600,0.244540,0.219350,1
1,183043,0.842950,1.254745,0.264771,1
1,61014,0.771600,0.295933,0.352467,1
1,549130,0.714850,1.531713,0.407679,1
1,1159275,0.642800,0.801869,0.459216,1
1,1037246,0.422050,1.119258,0.487848,1
1,305072,0.216650,0.007018,0.339426,1
1,793188,0.187700,2.747761,0.304937,1
1,671159,0.095300,0.922605,0.172436,1
1,915217,0.023600,1.095070,0.046086,1
