Generation,Position,Frequency,Effect,Heterozygosity,Origin
1,1037246,0.922100,0.596250,0.143663,1
1,183043,0.915000,0.937338,0.155550,1
1,793188,0.884950,0.075136,0.203627,1
1,427101,0.829050,0.937894,0.283452,1
1,305072,0.677300,0.484761,0.437129,1
1,549130,0.650650,0.378731,0.454609,1
1,1159275,0.462800,0.184616,0.497232,1
1,915217,0.195400,0.756137,0.314438,1
1,671159,0.104000,0.144584,0.186368,1
1,61014,0.006950,1.050229,0.013803,1
