Generation,Position,Frequency,Effect,Heterozygosity,Origin
1,549130,0.975000,0.153675,0.048750,1
1,793188,0.972000,1.142787,0.054432,1
1,61014,0.964200,0.088816,0.069037,1
1,1037246,0.738700,0.899229,0.386045,1
1,1159275,0.711750,2.562669,0.410324,1
1,915217,0.692500,2.521813,0.425887,1
1,305072,0.502350,0.299654,0.499989,1
1,183043,0.203800,0.101983,0.324531,1
1,671159,0.092000,0.869496,0.167072,1
1,427101,0.060100,0.285951,0.112976,1
